variable,descripcion,tipo_dato
edad,Edad del paciente (años),float
imc,Índice de masa corporal (kg/m²),float
dias_desde_diagnostico,Días desde el diagnóstico inicial,float
sesiones_quimio,Número de sesiones de quimioterapia,float
hemoglobina,Hemoglobina (g/dL),float
hematocrito,Hematocrito (%),float
eritrocitos,Eritrocitos (10^12/L),float
leucocitos,Leucocitos (10^9/L),float
neutrofilos,Neutrófilos (10^9/L),float
linfocitos,Linfocitos (10^9/L),float
monocitos,Monocitos (10^9/L),float
eosinofilos,Eosinófilos (10^9/L),float
basofilos,Basófilos (10^9/L),float
plaquetas,Plaquetas (10^9/L),float
vcm,Volumen corpuscular medio (fL),float
hcm,Hemoglobina corpuscular media (pg),float
chcm,Concentración de Hb corpuscular media (g/dL),float
rdw,Ancho de distribución eritrocitaria (%),float
glucosa,Glucosa (mg/dL),float
hba1c,Hemoglobina glicosilada HbA1c (%),float
urea,Urea (mg/dL),float
creatinina,Creatinina (mg/dL),float
sodio,Sodio (mmol/L),float
potasio,Potasio (mmol/L),float
cloro,Cloro (mmol/L),float
calcio,Calcio (mg/dL),float
fosforo,Fósforo (mg/dL),float
magnesio,Magnesio (mg/dL),float
ast,Aspartato aminotransferasa (U/L),float
alt,Alanina aminotransferasa (U/L),float
ggt,Gamma-glutamil transferasa (U/L),float
fosfatasa_alcalina,Fosfatasa alcalina (U/L),float
bilirrubina_total,Bilirrubina total (mg/dL),float
albumina,Albúmina (g/dL),float
proteinas_totales,Proteínas totales (g/dL),float
pcr,Proteína C reactiva (mg/L),float
vsg,Velocidad de sedimentación globular (mm/h),float
ferritina,Ferritina (ng/mL),float
ldh,Lactato deshidrogenasa (U/L),float
colesterol_total,Colesterol total (mg/dL),float
hdl,Colesterol HDL (mg/dL),float
ldl,Colesterol LDL (mg/dL),float
trigliceridos,Triglicéridos (mg/dL),float
glutation,Glutatión reducido (µmol/L),float
vitamina_d,25-OH Vitamina D (ng/mL),float
sexo,Sexo biológico del paciente,string
tipo_tumor,Localización principal del tumor,string
estadio_ajcc,Estadio clínico (AJCC I–IV),string
t_invasivo,Categoría T (TNM - invasión local),string
n_linfatico,Categoría N (TNM - ganglios),string
metastasis,Categoría M (TNM - metástasis),string
grado_histologico,Grado histológico (G1–G3),string
receptor_hormonal,Estado de receptores hormonales (ER/PR),string
her2_status,Estado HER2,string
pdl1_status,Expresión de PD-L1,string
mut_kras,Mutación KRAS,string
mut_braf,Mutación BRAF,string
mut_egfr,Mutación EGFR,string
mut_pi3k,Mutación PIK3CA,string
tmb_alto,Carga mutacional tumoral elevada,string
ecog,Estado funcional ECOG (0–3),string
tratamiento_actual,Modalidad terapéutica actual,string
trat_linea,Línea de tratamiento,string
respuesta_previa,Respuesta previa (CR/PR/SD/PD),string
biopsia_tipo,Tipo de biopsia,string
via_administracion,Vía de administración del fármaco,string
habito_tabaco,Hábito tabáquico,string
habito_alcohol,Consumo de alcohol,string
hospital_tipo,Tipo de hospital,string
region,Región sanitaria,string
aseguradora,Tipo de cobertura sanitaria,string
soporte_familiar,Apoyo familiar percibido,string
adherencia_tratamiento,Adherencia a la medicación,string
actividad_fisica,Nivel de actividad física,string
nivel_dieta,Calidad de la dieta,string
psicooncologia,Acceso a psicooncología,string
programa_prevencion,Participación en prevención,string
comite_tumores,Seguimiento por comité de tumores,string
cuidados_paliativos,Acceso a cuidados paliativos,string
continuidad_asistencial,Coordinación de cuidados,string
distancia_hospital,Distancia al hospital,string
tiempo_traslado,Tiempo medio de traslado,string
centro_sanitario,Centro asistencial,string
cohorte_estudio,Cohorte o grupo de estudio,string
variabilidad_laboratorio,Variabilidad de laboratorio,string
genotipo_riesgo,Riesgo genético estimado,string
soporte_social,Red de apoyo social,string
calidad_historia_clinica,Calidad de historia clínica,string
calidad_sueno,Calidad de sueño,string
nivel_estres,Estrés autopercibido,string
vive,"Variable objetivo (1=vive, 0=no vive)",int (solo train)
